{"mean": [5.843333333333335, 3.057333333333334, 3.7580000000000027, 1.199333333333334], "scale": [0.8253012917851409, 0.43441096773549437, 1.7594040657753032, 0.7596926279021594]}